author,comment,published_at,likes
@KritikaSharma-n4s,Love you,2026-03-20T16:12:20Z,0
@bellahmarape8056,♥️♥️♥️👊🏽🙌🏻🙏🏾,2026-03-01T00:40:12Z,0
@sylviansofu-z1q3l,❤❤❤❤ i always feel good when I listen to music with guitars.,2026-02-22T19:34:07Z,0
@WatuKwanzaNGO,18 February 2026,2026-02-18T01:37:18Z,0
@WatuKwanzaNGO,I love this song,2026-02-18T01:30:22Z,2
@BlankPictures-1,When I had a ear infection my brother sent me this song lol,2026-02-13T21:43:25Z,1
@sysabef,how has this guy not even gotten a grammy nomination yet cardi ghostwriter B has,2026-01-25T00:33:12Z,0
@simbarashedzapasi8777,2026 anyone,2026-01-21T13:59:50Z,1
@Khruku-u8v,anyone 2026,2026-01-20T09:54:30Z,0
@visionscreentv,who's listening 2026?❤,2026-01-17T21:45:20Z,77
@LuisJauregui1997,2026,2026-01-17T12:29:05Z,0
@LunlenlalHangshing-x6z,2026😮😅,2026-01-15T13:38:01Z,0
@Rayo_olu,Who else is watching in 2026☺️,2026-01-09T18:53:42Z,0
@HadassahElh,Who’s listening in 2026?,2026-01-05T14:49:07Z,12
@Tomok0-88,In 2026 this song still hits different,2026-01-03T08:59:25Z,0
@norma-y1z2j,2026🎉,2026-01-02T06:21:48Z,0
@TsholofeloVaughan,🎉,2025-12-21T18:09:07Z,0
@BenedictGold-q1z,"Anyone in December 18, 2025",2025-12-18T10:35:24Z,0
@flameridershow4188,I WAS HERE AND THIS 2025 N I STILL LISTEN TO THIS SONG LIKE IT WAS RELEASED YESTERDAY,2025-12-11T21:15:58Z,1
@Red_redemption2,2025???,2025-12-02T21:14:05Z,2
@jasonoreilly389,"This video breaks me everytime I watch it, but 'in not your son, you're not my father, we're just two grown men saying goodbye' breaks me further everytime 😢",2025-11-26T01:48:15Z,0
@ElitoQuinks,Who is listening in November 23 2025,2025-11-23T03:34:11Z,0
@fitbosssomi6102,"This song is just as good as Passenger in my opinion.
So good❤",2025-11-22T21:36:48Z,0
@py-zerz,Passenger's songs are forever fire🔥🔥🔥,2025-11-19T04:45:52Z,0
@HendryPrasetyo-b8k,Selama 3thn kerjanya cuma memata2i menyadap...ditanya gak jelas,2025-11-18T05:44:05Z,0
@sharmanking7389,Still here yall,2025-11-14T07:52:38Z,0
@Mikealvarez100,"I need a 1000hour version, i keep repeating 🤗",2025-11-07T21:19:19Z,0
@andrecampbell115,i'm in 2025,2025-11-07T00:27:46Z,0
@JenangMarak-b9b,Who's listening in 2026❤,2025-10-28T16:48:33Z,1
@GeorgeGichiaGG,This is how am feeling then boom this song speaks for me thank you passenger,2025-10-26T15:10:20Z,0
@HuseneAlii,Me agen nba,2025-10-25T22:30:55Z,1
@maureendrennan9328,Me 💕,2025-10-23T17:05:18Z,0
@mharajowl3600,october 2025,2025-10-18T15:24:57Z,1
@lauramorris8024,Best song to date❤,2025-10-15T05:21:17Z,2
@WendyKh-M5x,Who is listening to music this song in October 2040?,2025-10-08T15:50:29Z,0
@ChigambirthSangma,2025 October?,2025-10-04T16:15:37Z,1
@cselabaid7026,"Israeli army,  be civilised.",2025-10-03T17:09:24Z,0
@AkaYeptho-m7v,Literally awesome❤,2025-10-01T09:30:31Z,0
@Sir_dame_a,Who's in 2025?,2025-09-25T16:21:18Z,0
@officialJoshua_A,Me listening 🎧 after losing my girlfriend 😭😭,2025-09-21T18:04:24Z,1
@BerenJojo,Anyone in 2025,2025-09-21T01:49:52Z,1
@debojyotibhattacharjee3164,Anyone in 2025 for this evergreen song?,2025-09-16T14:50:46Z,8
@PemirikMarak,Anyone 15 September😊,2025-09-15T04:30:32Z,1
@ToutaBn,"I remembre listening to this song just 3 years after its release .i was a kid , never got the lyrics right , only got the plastic word .
Lost my old phone , i wasn't able to remember the song name untill this moment , i decided to look for it even more ,and i found it .
The lyrics really hit , different than many other songs that only talk about love",2025-08-30T20:57:12Z,0
@RihunShylla-c6p,👍,2025-08-26T02:24:23Z,0
@PreciousMuwema,Who here in 2025,2025-08-21T16:25:16Z,0
@iawrenspassionforlittleact6305,2025 still listening and many more years to come,2025-08-18T11:58:51Z,0
@LindsonRMarak,Who listen 2025 ❤,2025-08-11T09:47:00Z,0
@otieno2830,I hide behind my jokes as a form of protection 😌,2025-08-10T12:12:57Z,1
@realbenedictik,There's fish in the sea for me to make a selection. I'll dive in if not for my ill infection 🎶,2025-08-10T11:21:24Z,0
@manjaplanting3196,me,2025-08-05T15:50:36Z,0
@felixhmachio,Perfect soundtrack,2025-08-04T09:10:09Z,0
@maninialphonsa5797,1:40,2025-08-02T04:40:57Z,0
@G25ENY,2025 and still a banger. I have the chorus tattooed 🫶🏻,2025-07-30T21:49:34Z,0
@officialJoshua_A,2025 gather here❤🎉,2025-07-24T15:38:40Z,0
@fatimakicha4993,2025 up here❤🎉,2025-07-22T15:00:58Z,0
@shannanryan3056,What 😮!!? What I'm still in 87 😂😂😂,2025-07-19T04:16:13Z,1
@PaulAlamu-os4mr,Who's listening in 2025?,2025-07-17T10:43:15Z,0
@JeanpierreHabimana-d5b,"Im from Rwanda but now i can not stop to listen this song's verses,i like it too much,i can play it more than ten times per day.",2025-07-15T17:52:45Z,0
@aazabty7,2025?,2025-07-15T14:28:46Z,1
@RickyPde-d8p,Anyone from 2025,2025-07-12T03:34:02Z,2
@pranjalihardikar,As I the only one who thinks he is running backwards and end in a condom? Or am I overthinking?,2025-07-08T18:49:24Z,0
@gavinjoseph104,Hey I'm here in 2025🎉,2025-06-29T01:40:02Z,1
@SangsangiFanai-nw1yf,Who's listening in 2025,2025-06-22T17:06:23Z,0
@2xchewang441,Anyone 2025?,2025-06-21T16:54:32Z,0
@EmmanuelShadrick,Who is here in 2025,2025-06-20T08:41:39Z,0
@ilovekittenz401,Just found this song. Gonna have this on replay everyday 😀,2025-06-20T03:54:03Z,0
@clairedushime3249,Here 2025,2025-06-19T13:49:26Z,0
@kezuwelomero4190,2025 anyone??,2025-06-14T05:03:43Z,0
@AttaDanso-z5i,2025 I’m here,2025-06-12T22:26:01Z,0
@Terryandpup,The poetry the music.....love love it!,2025-06-12T11:10:09Z,0
@sujitdsouza,Paul Simon in the making.,2025-06-07T10:28:31Z,0
@billzima7068,Another awesome one!!,2025-06-05T20:44:28Z,0
@YvonneElizabethBurggraaf,It's biking and forests now.,2025-05-29T20:53:26Z,0
@YvonneElizabethBurggraaf,"Real love is in peace. No running, no butterflies, no tension or hyperactivity. Love feels as rest in peace. It's not a race, challenge, performance, show-your-friends thing you see.",2025-05-29T20:50:12Z,1
@YvonneElizabethBurggraaf,I stopped swimming too.,2025-05-29T20:45:49Z,0
@YvonneElizabethBurggraaf,"I gave you a castle on earth, but now you need the Kingdom of heaven. We're rising you see.",2025-05-29T20:40:29Z,0
@YvonneElizabethBurggraaf,O My Michael. What did we do?,2025-05-29T20:39:31Z,0
@Nildojfs84,Top demais !!!!,2025-05-23T22:00:00Z,0
@Nildojfs84,Top top,2025-05-23T21:59:32Z,0
@Snoflakes_1,"I never understood why this one didn't blow up like Let Her Go. Holes too, they're all right up the same alley with deep lyrics, addictive melody and relistenability",2025-05-21T20:15:27Z,0
@AnimeMento7,Who is watching again in 2025,2025-05-18T20:19:40Z,3
@elizabethcuellar3708,2025,2025-05-16T22:39:31Z,0
@karimkaiz9212,2025 ?,2025-05-10T13:26:44Z,0
@AmmaMF,Oh Mike so Young and the video I just sit there with a hugge smile and actually laughed too. Wrong direction but so cute too 😉 Amma 2025 May the 7th 🤗❤️,2025-05-07T06:51:52Z,0
@BarbinaElias,2025 and I’m still here❤,2025-05-05T13:48:50Z,0
@FrankAppiah-m4b,The first cut is the deepest the realist flipping hurt,2025-05-02T00:35:03Z,0
@raiobaulene10,🔥,2025-04-30T22:07:52Z,0
@wilfredovera4247,❤,2025-04-24T16:45:44Z,0
@dominicnwachukwu3170,Who's listening on this day 24/04/25🖐️.,2025-04-24T16:44:29Z,0
@black444YTU,I love this song,2025-04-17T12:54:42Z,0
@iviwep_mma2263,Timeless,2025-04-14T15:01:43Z,0
@iviwep_mma2263,2025 and it still makes so much sense,2025-04-14T14:51:44Z,1
@iviwep_mma2263,My life,2025-04-14T14:45:35Z,0
@BostonKamaya,I thought I was close but under feather inspection it seems I have been running in the wrong direction noo,2025-04-05T11:54:46Z,0
@kibby-annwiggon1992,2025❤,2025-04-02T02:15:43Z,0
@tapiwanashechakanetsa3827,31m only.... the world is missing out,2025-03-29T08:28:58Z,0
@benemo436,9 years later and I'm still in the wrong direction...,2025-03-26T18:37:25Z,1
@micheltcheundjeu338,Je suis au cameroun et j’ecoute ca en 2025,2025-03-20T13:11:50Z,2
@soumyaranjandash1026,Who is listening in 2025,2025-03-19T05:52:34Z,155
@fakescam4197,2025,2025-03-17T04:14:48Z,2
@jeremiahbaguitu4220,This song will never get old 👑🙏,2025-03-15T15:59:25Z,18
@unfilteredchinawithsuraj,2025?,2025-03-15T06:30:12Z,2
@franci96,Who’s listening in 2025? 🙋🏻‍♀️,2025-03-06T10:36:23Z,20
@gilbertkiosaki7823,Any one 2025 ??,2025-03-03T10:02:45Z,2
@joseluizluiz7420,Adorei a música muito linda,2025-02-27T20:22:15Z,1
@MackieKaosoni,Anyone in 2025?,2025-02-24T22:13:21Z,1
@DiGGY-f4q,2025 anyone?,2025-02-23T11:39:44Z,1
@heavenyeah69,"When I was a kid the things I did were hidden under the grid
Young and naive I never believed that love could be so well hid
With regret I'm willing to bet and say the older you get
It gets harder to forgive and harder to forget
It gets under your shirt like a dagger at work
The first cut is the deepest but the rest still flipping hurt
You build your heart of plastic
Get cynical and sarcastic
And end up in the corner on your own

'Cause I'd love to feel love but I can't stand the rejection
I hide behind my jokes as a form of protection
I thought I was close but under further inspection
It seems I've been running in the wrong direction oh no

So what's the point in getting your hopes up
When all you're ever getting is choked up
When you're coked up
And can't remember the reason why you broke up
You call her in the morning
When you're coming down and falling like an old man on the side of the road
'Cause when you're apart you don't want to mingle
When you're together you want to be single
Ever the chase to taste the kiss of bliss
That made your heart tingle
How much greener the grass is
With those rose tinted glasses
But the butterflies they flutter by and leave us on our arses

'Cause I'd love to feel love but I can't stand the rejection
I hide behind my jokes as a form of protection
I thought I was close but under further inspection
It seems I've been running in the wrong direction
There's fish in the sea for me to make a selection
I'd jump in if it wasn't for my ear infection
'Cause all I want to do is try to make a connection
It seems I've been running in the wrong direction oh

Oh I'd love to feel love but I can't stand the rejection
I hide behind my jokes as a form of protection
I thought I was close but under further inspection
It seems I've been running in the wrong direction
I'd love to feel love but I can't stand the rejection
I hide behind my jokes as a form of protection
I thought I was close but under further inspection
It seems I've been running in the wrong direction ohh
It seems like I'm running in the wrong direction ohh
Seems like I'm running in the wrong direction ohh
Well it seems I've been running in the wrong direction oh no
Seems I've been running in the wrong direction, no",2025-02-21T03:27:36Z,0
@zinatroksana,💌,2025-02-12T12:24:54Z,0
@augustoribeiroo,2025 quem?,2025-02-11T09:39:51Z,1
@gift_auph9636,Who is listening in 2025... This song still a masterpiece ❤..,2025-02-11T06:55:57Z,2
@enverteimurkhanly9026,"In 2025 it's the same taste, the same story like years ago",2025-01-25T03:15:01Z,3
@WassimIbnYahya-m2s,Someone in 2025 ?,2025-01-20T00:17:11Z,9
@freddyernestoresendizlopez2649,"Esta canción me recuerda mi época en mi preparatoria, tenía una novia muy bonita, con esta canción me acuerdo de ella fue entre el año 2017 a 2019",2025-01-19T06:14:50Z,0
@Incephelezikakhiye,Who's here in 2025?,2025-01-15T21:15:32Z,5
@nandafreeze,2025 anyone???,2025-01-12T14:37:20Z,1
@ChristianSchuett93,"2025 und ich bin immer noch hier! 
Das mag seine Gründe haben warum ich hier bin, warum du hier bist. 
Natürlich ist das ein Mega schöner Song. Aber er hat eben auch seine Geschichte und jeder hat seine ganz eigene Geschichte mit dem Lied. 
Und genau aus diesem Gründen bin ich nach all den Jahren noch hier.",2025-01-08T15:34:32Z,2
@s.e.6425,Who is listening in 2025?🙋🏻‍♂️,2025-01-06T01:43:51Z,0
@Preciousmetalrecovery000,greatest hits..,2025-01-05T21:49:39Z,0
@yannickkouadio3148,2025 still listening ❤,2025-01-05T05:13:24Z,0
@thezaff07,"Funny how 12 years later I'm back to square one
This song will always remain an anthem for people with attachment issues",2025-01-04T18:55:15Z,0
@JaeJo047,2025 damn,2025-01-01T09:00:16Z,1
@ephratalevi5890,1st Jan 2025 ?,2025-01-01T07:18:03Z,0
@humairaferdous7031,Your songs are amazing 👍,2024-12-30T09:49:34Z,0
@tbkhris,Such a great storyteller...👌🏾💯,2024-12-23T04:26:20Z,0
@PastryJeff,When you realize this has the same continuous chord progression as Let Her Go,2024-12-01T14:19:25Z,0
@samadeaffiliate9078,"""You built your heart a plastic, you're cynical and sarcastic... You end up in the corner on your own."" Oh well.",2024-11-14T01:45:23Z,0
@Frankjuma254,Lyrics please 😢😊,2024-11-06T14:17:06Z,0
@SugbongCogon,Liam pyne Wrong Direction,2024-10-20T02:30:38Z,0
@LetsDoPlaythrough16,2025 anyone??,2024-09-29T01:15:21Z,0
@KM-ze5md,Hidden gem! Annoyed nevet heard this song before now,2024-09-18T19:39:39Z,1
@factnestofficials,Any Bangladeshi 🇧🇩,2024-09-16T10:08:41Z,2
@iamclydieCS,LOVE MY WIFEY :3,2024-09-13T07:23:50Z,0
@ben.watchin,"2024 and Still unchanged, with new tunes 👊😎
A fellow dark soul passenger 🖤",2024-09-09T20:00:32Z,1
@00_tmi_00,Oops Im running in the wrong direction,2024-09-09T07:25:15Z,0
@hishamalmahadi8950,It's seems i've been running in the wrong direction,2024-09-04T20:18:51Z,1
@silvanaprivitera6192,I do from Sicily Italy,2024-09-01T14:39:49Z,0
@AlbeGriffin-bu4yb,This can be true 1:40 because sometimes when you are single you want to be with someone (mingle) but when you are with someone you might want to be single,2024-08-30T19:54:58Z,3
@bronamorgan9187,I've been listening to this guy since I was 4 years old,2024-08-16T19:05:20Z,2
@emanuelgella8201,Who's listening in August 2024? Especially in my country Tanzania Africa,2024-08-06T10:22:33Z,3
@elinekrijnsen7362,"I love to feel loved but I can't stand the rejection. This is so true. This song has helped me so much through some difficult times, thank you passenger ❤❤",2024-07-28T19:01:37Z,10
@lmtmalawi,This is exactly am going through right now in July 2024,2024-07-25T20:01:55Z,0
@OumalAhmed-d1f,"How on earth such artist is not a not a hit
He s  rare jewel 🎉❤",2024-07-24T07:32:59Z,2
@nicoleoctavie4945,Who's listening in 2024😅😅,2024-07-12T19:46:03Z,31
@lucymwale2935,This one here lives rent free in my head,2024-07-09T18:33:14Z,0
@truevisionanik430,2025 year gang,2024-06-27T11:15:45Z,3
@Leftvideo,i am here in 2024,2024-06-23T19:12:30Z,0
@gaitathedon,👍,2024-06-21T14:10:23Z,1
@lil_deetay,music video asap,2024-06-18T00:31:39Z,0
@PaymentAgentTyson,i ll listen to this song till i strt running in the right  direction...,2024-06-15T17:34:08Z,0
@StanislavStoychev-xq8kx,A child of GOD 🙏,2024-05-31T03:56:50Z,0
@AdamsKunaka,❤❤2024,2024-05-26T19:29:14Z,2
@GivenMakhubela,June 2024 ❤.  See i love to feel love but i can't stand rejection,2024-05-25T17:51:54Z,1
@tinksc,Love this song still listening 👂,2024-05-06T17:36:17Z,1
@ariadnatorijamunooz7954,❤,2024-04-29T08:50:24Z,0
@tinhtay2478,"some part of same ""somebody love ”  what tha fuk ever that's it same looks likes ""somebody love” chords.",2024-04-27T17:10:20Z,0
@ariadnatorijamunooz7954,Voz preciosa 🎉,2024-04-27T10:35:06Z,0
@ariadnatorijamunooz7954,Que 👍😊❤,2024-04-27T10:23:28Z,0
@elijahhiraka279,"6 years ago, I used this song to deal with my depression; i dunno, it just bought me comfort for some reason. I now listen, not with a feeling of longing, but a feeling of nostalgia. I’m happy now, and to all those that were in my position years ago, just know that you’ll be ok, don’t worry too much, and just believe in yourself :)",2024-04-26T03:52:23Z,0
@vincentzonunpuia5873,Woah.. 12 years ago seems like yesterday. It seems I've been running in the wrong direction,2024-04-16T15:18:10Z,1
@nicholasjkane,"When I was a kid, the things I did were hidden under the grid
Young and naive, I never believed that love could be so well hid
With regret I'm willing to bet, and say the older you get
It gets harder to forgive and harder to forget
It gets under your shirt like a dagger at work
The first cut is the deepest but the rest still flipping hurt
You build your heart of plastic
Get cynical and sarcastic
And end up in the corner on your own
'Cause I'd love to feel love but I can't stand the rejection
I hide behind my jokes as a form of protection
I thought I was close but under further inspection
It seems I've been running in the wrong direction
Oh no
So what's the point in getting your hopes up
When all you're ever getting is choked up
When you're coked up
And can't remember the reason why you broke up
You call her in the morning
When you're coming down and falling
Like an old man on the side of the road
'Cause when you're apart you don't want to mingle
When you're together you want to be single
Ever the chase to taste the kiss of bliss
That made your heart tingle
How much greener the grass is
With those rose tinted glasses
But the butterflies they flutter by and leave us on our arses
'Cause I'd love to feel love but I can't stand the rejection
I hide behind my jokes as a form of protection
I thought I was close but under further inspection
It seems I've been running in the wrong direction, there's
Fish in the sea for me to make a selection
I'd jump in if it wasn't for my ear infection
'Cause all I want to do is try to make a connection
It seems I've been running in the wrong direction
Oh
Oh, oh, I'd love to feel love but I can't stand the rejection
I hide behind my jokes as a form of protection
I thought I was close but under further inspection
It seems I've been running in the wrong direction
I'd love to feel love but I can't stand the rejection
I hide behind my jokes as a form of protection
I thought I was close but under further inspection
It seems I've been running in the wrong direction, oh
It seems like I'm running in the wrong direction, ohh
Seems like I'm running in the wrong direction, ohh
Well, it seems I've been running in the wrong direction, oh no
Seems I've been running in the wrong direction, oh",2024-04-15T08:55:54Z,2
@mdtansenislam8886,"🤍
Mike",2024-04-14T10:21:30Z,0
@preciouschioma2450,oh passenger !!!!!!,2024-04-13T09:54:33Z,0
@Dmhiz,Who's listening in 2024?,2024-04-13T06:15:34Z,254
@avastha,and 2012,2024-04-11T23:12:42Z,0
@avastha,I love passenger in 2013 2014 and 2015 but now it’s 2024 😢,2024-04-11T10:38:13Z,1
@MikeNorton-ct9tp,From the bottom of my heart,2024-04-09T00:43:46Z,0
@RexPerfection-eh5fw,Here we are🎉🎉🎉,2024-03-26T10:35:09Z,0
@AndrewCamp-n7d,Hope I will see you two again some day,2024-03-14T18:30:36Z,0
@Mileymo_de5,this man speaks everything going inside my heart we love you passenger,2024-03-09T06:12:07Z,1
@effiemooney8477,"Dear God,I love him❤😊",2024-03-09T04:39:39Z,1
@YussifBukari-y5s,One love ❤,2024-03-07T19:33:36Z,0
@zinminlatt5781,ၾကယ္တိုက္ 👍,2024-03-05T03:26:19Z,0
@mackokush1421,Hide behind the jokes and thinking I'm full of protection,2024-02-29T19:40:58Z,1
@mackokush1421,I love to feel loved but I got stranded rejection,2024-02-29T19:31:46Z,1
@mackokush1421,Wrong Direction ❤,2024-02-29T19:30:18Z,2
@Passenger_11-11,2024 ? 🤧👍,2024-02-28T15:44:05Z,1
@amospetro-db2oz,"After 7 year of togetherness, goodbye my wife.Its was beautiful wrong direction",2024-02-24T16:28:10Z,0
@priscilafraga6865,❤amooooo as músicas de passenger show,2024-02-22T12:50:09Z,0
@Gr33ny-media,I have the chorus as a tattoo ❤️,2024-02-05T22:04:53Z,0
@mankopodibridget,First heard the song❤ in 2022,2024-02-01T17:19:36Z,0
@nickyp121,Hes got my life spot on..love this,2024-01-29T01:46:57Z,0
@playtothewhistle,Amazing the amount of feelings that can come from that trumpet sound 🎺,2024-01-23T09:14:49Z,0
@MariaSouza-tg8ee,Que vídeo lindo,2024-01-21T10:45:34Z,0
@MariaSouza-tg8ee,Eita música linda Maravilhosa eu gostei muito 😍😍😍😚,2024-01-21T10:43:46Z,0
@ThatPostalGuy,"After that many years i found it. It's song of my childhood, i nearly cried... Thank you❤",2024-01-02T22:05:37Z,1
@victortemba5590,"So what's the point in getting your hopes up
When all you're ever getting is choked up",2023-12-23T09:00:55Z,0
@Royce684,Most underrated song😢,2023-12-19T06:57:33Z,2
@josuebarduzco,"Wrong direction (passenger)

When I was a kid, the things I did were hidden under the grid
Young and naive, I never believed that love could be so well hid
With regret I'm willing to bet, and say the older you get
It gets harder to forgive and harder to forget
It gets under your shirt like a dagger at work
The first cut is the deepest but the rest still flipping hurt
You build your heart of plastic
Get cynical and sarcastic
And end up in the corner on your own
'Cause I'd love to feel love but I can't stand the rejection
I hide behind my jokes as a form of protection
I thought I was close but under further inspection
It seems I've been running in the wrong direction
Oh no
So what's the point in getting your hopes up
When all you're ever getting is choked up
When you're coked up
And can't remember the reason why you broke up
You call her in the morning
When you're coming down and falling
Like an old man on the side of the road
'Cause when you're apart you don't want to mingle
When you're together you want to be single
Ever the chase to taste the kiss of bliss
That made your heart tingle
How much greener the grass is
With those rose tinted glasses
But the butterflies they flutter by and leave us on our arses
'Cause I'd love to feel love but I can't stand the rejection
I hide behind my jokes as a form of protection
I thought I was close but under further inspection
It seems I've been running in the wrong direction, there's
Fish in the sea for me to make a selection
I'd jump in if it wasn't for my ear infection
'Cause all I want to do is try to make a connection
It seems I've been running in the wrong direction
Oh
Oh, oh, I'd love to feel love but I can't stand the rejection
I hide behind my jokes as a form of protection
I thought I was close but under further inspection
It seems I've been running in the wrong direction
I'd love to feel love but I can't stand the rejection
I hide behind my jokes as a form of protection
I thought I was close but under further inspection
It seems I've been running in the wrong direction, oh
It seems like I'm running in the wrong direction, ohh
Seems like I'm running in the wrong direction, ohh
Well, it seems I've been running in the wrong direction, oh no
Seems I've been running in the wrong direction, oh",2023-12-14T13:27:48Z,0
@verniejourney,I WANT TO TEACH MY KID THIS SONG...ITS A REAL SONG❤,2023-12-13T18:09:40Z,0
@mjsloft8623,❤️,2023-12-03T06:47:30Z,0
@HiroshimaRiscarboyKE,i wish that you live forever,2023-10-12T17:30:29Z,3
@raimunda3059,Ele canta o amor,2023-09-25T23:21:55Z,1
@atysogie8257,2023🎉🎉,2023-09-23T10:26:29Z,1
@cblanchhiphop,Love the feeling of this man's music,2023-09-22T03:49:56Z,7
@isaackumbula3202,Still listening to this in 2023,2023-09-21T09:58:30Z,1
@that.w0rm-0,Lets appreciate this man 🫡,2023-09-21T07:30:05Z,0
@melissawalker7968,Heeey robbie i think were going in the right direction.......cant be wrong!!!!!❤❤❤❤❤❤😂😂😂😂😂😂😂😂😂😂😂😂😂😂❤❤❤❤❤❤❤❤❤❤❤❤❤😊😊,2023-09-02T04:45:05Z,0
@momas_on,"Song has uploaded in the past but the lyrics, the style, the tone which  toward ls to the modern one. Let's see how many GOATs are still listening that legendary song for everyday!!!!!!!",2023-09-01T03:52:13Z,2
@ookk_,2023/8/27 🤍,2023-08-26T22:47:45Z,0
@I_4nqp_,2023 ❤ 0:34,2023-08-18T13:22:22Z,0
@AdabAbu,😢❤,2023-08-14T17:00:34Z,0
@barto8850,"When I was a kid, the things I did were hidden under the grid
Young and naive, I never believed that love could be so well hid
With regret I'm willing to bet, and say the older you get
It gets harder to forgive and harder to forget
It gets under your shirt like a dagger at work
The first cut is the deepest but the rest still flipping hurt
You build your heart of plastic
Get cynical and sarcastic
And end up in the corner on your own
'Cause I'd love to feel love but I can't stand the rejection
I hide behind my jokes as a form of protection
I thought I was close but under further inspection
It seems I've been running in the wrong direction
Oh no
So what's the point in getting your hopes up
When all you're ever getting is choked up
When you're coked up
And can't remember the reason why you broke up
You call her in the morning
When you're coming down and falling
Like an old man on the side of the road
'Cause when you're apart you don't want to mingle
When you're together you want to be single
Ever the chase to taste the kiss of bliss
That made your heart tingle
How much greener the grass is
With those rose tinted glasses
But the butterflies they flutter by and leave us on our arses
'Cause I'd love to feel love but I can't stand the rejection
I hide behind my jokes as a form of protection
I thought I was close but under further inspection
It seems I've been running in the wrong direction, there's
Fish in the sea for me to make a selection
I'd jump in if it wasn't for my ear infection
'Cause all I want to do is try to make a connection
It seems I've been running in the wrong direction
Oh
Oh, oh, I'd love to feel love but I can't stand the rejection
I hide behind my jokes as a form of protection
I thought I was close but under further inspection
It seems I've been running in the wrong direction
I'd love to feel love but I can't stand the rejection
I hide behind my jokes as a form of protection
I thought I was close but under further inspection
It seems I've been running in the wrong direction, oh
It seems like I'm running in the wrong direction, ohh
Seems like I'm running in the wrong direction, ohh
Well, it seems I've been running in the wrong direction, oh no
Seems I've been running in the wrong direction, oh",2023-08-03T11:28:58Z,2
@w.d.b.6742,…your song just filled my soul. It was exactly what I needed right now. Thank you ❤,2023-07-24T08:10:34Z,4
@saidafarah1264,Passenger ✨✨✨,2023-07-20T15:37:20Z,0
@zakariaselarksoussi8010,Why isnt it on Spotify?? 😢,2023-07-19T12:02:49Z,0
@Stepbystep685,Beyond the muse 😅,2023-07-06T17:50:19Z,1
@moiseshebo6539,não posso dormir sem ouvir essa obra de arte <3,2023-07-05T09:28:05Z,3
@farahmirza958,I do believe i belong on the streets.sooner i accept that the better for me,2023-06-24T19:05:22Z,1
@sharmilabaraili5079,"When I was a kid, the things I did were hidden under the grid
Young and naive, I never believed that love could be so well hid
With regret I'm willing to bet, and say the older you get
It gets harder to forgive and harder to forget
It gets under your shirt like a dagger at work
The first cut is the deepest but the rest still flipping hurt
You build your heart of plastic
Get cynical and sarcastic
And end up in the corner on your own
'Cause I'd love to feel love but I can't stand the rejection
I hide behind my jokes as a form of protection
I thought I was close but under further inspection
It seems I've been running in the wrong direction
Oh no
So what's the point in getting your hopes up
When all you're ever getting is choked up
When you're coked up
And can't remember the reason why you broke up
You call her in the morning
When you're coming down and falling
Like an old man on the side of the road
'Cause when you're apart you don't want to mingle
When you're together you want to be single
Ever the chase to taste the kiss of bliss
That made your heart tingle
How much greener the grass is
With those rose tinted glasses
But the butterflies they flutter by and leave us on our arses
'Cause I'd love to feel love but I can't stand the rejection
I hide behind my jokes as a form of protection
I thought I was close but under further inspection
It seems I've been running in the wrong direction, there's
Fish in the sea for me to make a selection
I'd jump in if it wasn't for my ear infection
'Cause all I want to do is try to make a connection
It seems I've been running in the wrong direction
Oh
Oh, oh, I'd love to feel love but I can't stand the rejection
I hide behind my jokes as a form of protection
I thought I was close but under further inspection
It seems I've been running in the wrong direction
I'd love to feel love but I can't stand the rejection
I hide behind my jokes as a form of protection
I thought I was close but under further inspection
It seems I've been running in the wrong direction, oh
It seems like I'm running in the wrong direction, ohh
Seems like I'm running in the wrong direction, ohh
Well, it seems I've been running in the wrong direction, oh no
Seems I've been running in the wrong direction, oh",2023-06-23T08:31:21Z,1
@shaundocherty96,Video works for like 1 minute then goes silent,2023-06-16T10:26:19Z,1
@naworajbudhathoki8401,"Chandler Bing 
I hide behind my jokes as form of protection",2023-06-15T10:18:45Z,1
@willhefner,He lied about his ear infection haaaaa....😅😅😅🥰🥰🥰🤪🤪,2023-06-10T23:09:16Z,0
@someidiot5635,Tune,2023-06-04T08:21:22Z,1
@laaglaagsugbo,"The wrong direction,.tlga ako dhl pinaasa at biglang nawala..at umuwi ng pinas sa iba na umuwi., kaya goodluck sayo my dear ex-boyfriend 😂 
My ex lover,. PMMA 😊",2023-06-03T08:54:41Z,0
@anyamwangsa2407,Lets see how mny people still listening in 2023🖐️🤘,2023-05-27T15:23:36Z,5
@cider666,UNIQUE VOIC3!!!,2023-05-21T17:40:54Z,1
@xoxoress,If the Alvin Chipmunk was a real person. 😂,2023-05-10T20:28:46Z,0
@ashsmashproductions,Face isn't 2bad either,2023-05-10T19:00:48Z,0
@ashsmashproductions,His voice melts my ❤,2023-05-10T19:00:23Z,0
@parabola7762,"My list-:
1st- bruno mars
2nd-ed sheeran
3rd but not the least -passenger",2023-04-30T16:01:13Z,1
@mymum1730,"Its like you talking to me, ive built this high wall around me",2023-04-27T21:58:47Z,0
@babs2034,💞💞💞💞,2023-04-26T12:42:52Z,0
@sickraffox,"the more i get old, the more i can relate to the lyrics",2023-03-28T09:18:21Z,2
@MM-he2jo,"They say that if you put a goldfish in to a round bowl, the fish will finaly ""get lost by the mind"", I just wondered how does it goes in life, us people, going round and a round, day by day. The song was/is beautiful ❤",2023-03-17T22:19:34Z,1
@prachideshpande1,Love ❤️,2023-03-12T11:23:12Z,1
@jamilblack7401,Hippy,2023-03-03T23:40:25Z,0
@glenforde831,When you find the song that explain your life  be like 😳,2023-02-27T08:59:42Z,0
@MiaTheDreamer,❤Wuf Wuf❤,2023-02-18T17:39:06Z,0
@Tammiehua,Passenger who can be the driver 👍🏼,2023-02-02T14:28:27Z,0
@แบ่งปันความสุขดึงดูดพลังบวกและ,"Always love you and see you in myself
Life it about journey beautiful have fun happy tried sad broken run out of energy all happened it beautiful to grow you become who you are
Thanks you always cheer me up
Million thanks 🙏🙏",2023-02-01T08:17:39Z,0
@karinv8025,Hope you found the direction you wanted passenger.,2023-01-31T11:49:25Z,0
@DrMattDestruction,"Robots are coming to take 800 million jobs by the year 2030! There’s already a McDonald’s restaurant without any human employees today!

We need the Universal Basic Income now!

With the ubi, we can also have the ethical $0/hour minimum wage. Which means more people can afford to create jobs! I want dozens of $0/hour employees. Don’t you?!

Let’s create more job creators! Let’s make the Universal Basic Income happen now!
Am",2023-01-27T02:37:29Z,0
@k.k.2157,Just came back to listen to this song again and I wish I could click the like button once again because once is not enough.,2023-01-23T15:00:32Z,4
@silviasalortherrera1659,Bonita interpretación,2023-01-21T02:56:18Z,0
@jazzdawg4024,Thank you Pandora and Modest Mouse for helping me to find this man,2023-01-16T12:15:59Z,0
@tazler345,My fav off passenger helped me through some really bad things,2023-01-09T01:23:32Z,0
@yodababy6,Good job passenger love it you are awesome,2023-01-08T08:09:19Z,0
@johnmarleeb.figueroa2997,"Why Owl City, Passenger, Carly Rae jepsen etc. Who releasing a good music is always underated",2023-01-01T17:26:30Z,0
@samarzad9354,I need the lyrics immediately,2022-12-27T08:39:18Z,0
@manasuniyal2897,"Amazing msuic by Passenger ..........
I really appreciate it .",2022-12-23T07:43:05Z,0
@lottieloulaa2921,U should get with #katebush,2022-12-08T03:14:50Z,0
@lottieloulaa2921,Sorry “!hatter!”,2022-12-08T03:13:08Z,0
@lottieloulaa2921,YOU fuck off with the adverts on utube advert man,2022-12-08T03:12:47Z,0
@stevemogaka8553,I just don't know what else to listen to since I met passenger songs. No other genre or singer songwriter makes sense to me. Am addicted,2022-12-07T19:53:01Z,55
@spellenalfredtvgh2792,am a critic of most songs and movies but this piece is the best. Passenger love to meet you some day,2022-12-01T09:52:53Z,2
@rafiurrafi3938,❤️‍🔥Passenger is a GREAT Poet & lyricist ❤️❤️‍🔥,2022-11-27T13:57:20Z,0
@subramanibalaji8049,Good vintage voice,2022-11-27T07:26:14Z,0
@clintonp1993,"No one can compete with you.
You’re unique. 🎉",2022-11-26T15:38:33Z,0
@arthur13-w4z,I am crying,2022-11-25T07:58:32Z,0
@arthur13-w4z,I've been running in the wrong direction,2022-11-25T07:56:23Z,0
@user-iz6gq2pg9j,✋✋✋😷😷😷✌👍👍👍👍🇨🇨🇨🇨🇨🇨,2022-11-15T01:42:38Z,0
@ohfelia1643,haha this is such a flipping adult song,2022-11-13T05:43:13Z,0
@davidreza5375,"Ten years after the song came out, I remember it like it was yesterday",2022-11-12T01:30:37Z,1
@imperfectionxu,Who's still listening this masterpiece..🎶🎶..2022❤️,2022-11-07T09:21:43Z,1
@tobiasfeiersinger6776,Great,2022-11-06T21:50:50Z,0
@traceypreston3049,Whatever I'm feeling Passenger has a song for it. Extremely talented guy ❣️,2022-11-06T20:10:04Z,23
@mohamedm.e.9227,🌹❤️,2022-10-25T23:32:15Z,0
@andischier8372,"https://youtube.com/clip/UgkxyDywOzKhy8EN3xZZXIBR5HYoomnoZkqr
🔥🔥🔥",2022-10-23T19:50:57Z,0
@lukexr125,What disney song does this remind me of? Especially tha rejection lyric,2022-10-12T15:33:08Z,0
@pappystudio7078,❤❤❤❤❤❤,2022-10-05T16:51:19Z,0
@TheSmoke04,the best,2022-09-08T00:26:48Z,0
@albertomendoza927,me gusta mucho su estilo tiene excelentes canciones,2022-09-03T18:05:58Z,3
@giorgisvanidze6880,2022,2022-09-02T10:03:36Z,0
@anotherguy5038,John 14:21,2022-08-23T06:02:00Z,0
@georgebushaway5833,🙌🏻,2022-08-08T20:13:12Z,0
@ArtistAVICII,still🎧🎶❤️❤️❤️,2022-08-07T09:05:59Z,0
@hezzylyonofficial,Whaaaat the best,2022-08-03T10:38:14Z,0
@neltartibu6491,I can't stand reject! 😟,2022-07-24T13:23:25Z,0
@atwba87,لا ارى له أثر هذا الفنان الراقي؟,2022-07-21T22:18:02Z,0
@pedrorolandofloresduque7117,why this amazing song was removed from spotify :(,2022-07-19T17:00:47Z,0
@evaanaya7369,"FASCINATING AWESOME SINGING 👌 👏 👍 😍 💖 😎 👌 👏 
Love it much ❤ 😍 💖",2022-07-17T05:46:14Z,0
@vedantpatel1606,His every song hits hard no matter how old the song is...,2022-07-14T03:44:37Z,2
@ssenabulyaemmanuel1419,Still listening 2022 July,2022-07-11T14:01:31Z,0
@joyceflorentinooficial,"It's been a while since I took a trip, and I have to confess, I left this song on repeat for 2 hours on the playlist",2022-07-05T16:00:34Z,6
@benjaminhaokip3665,Oh how sweet ur voice is❤️love u from India😘,2022-07-04T11:33:03Z,0
@lisamuliapower3764,"Mike The Passenger Is The World
Amusement HEART Touching Spirit 
Song. He Is A Extremely Miraculous
Gentle Spirit🍒",2022-07-03T02:19:08Z,1
@Epicmarkmedia,The man with good song for the entire millennium,2022-07-02T12:04:24Z,0
@mua_emillyeber3815,"how many times I have played it, still I am laughing with the lyrics. your genius!!!!",2022-06-25T18:32:19Z,1
@sulavmchettri369,Seems I been running in the wrong direction❤️,2022-06-20T17:13:33Z,1
@ilmu_untuk_kita,North Sumatera-june-18-2022,2022-06-18T01:12:45Z,1
@marcvecchio3215,you are the most i admire you,2022-06-14T16:59:45Z,0
@copy52-g8m,Why this masterpiece has only 30 m views ..😭,2022-05-25T01:20:33Z,2
@wagwanbennydj6003,10 years on still more relevant than ever ❤,2022-04-18T11:22:15Z,44
@dariuspereira1564,My a*s started vibing. Wow!,2022-04-10T17:41:58Z,1
@wagwanbennydj6003,I love to love this song still!,2022-04-04T11:33:54Z,2
@sankalpdubey653,"song of Incels

something heavily wrong with his lyrics.",2022-03-20T15:58:24Z,2
@fakescam4197,2022,2022-03-20T06:47:57Z,1
@seunalaran,The message in the song... Always the message,2022-03-19T00:22:05Z,1
@farid_joy,Wrong Direction <3,2022-03-18T09:00:50Z,1
@mayteperez5587,Y,2022-03-17T10:55:15Z,1
@emirramli7210,nobody gonna save the fish :'),2022-03-16T23:45:27Z,1
@caperucitaroja,I can only see the Ukraine flag in the boat colours at the beginning of the video...,2022-03-15T11:42:01Z,1
@NesmacSTechPressConsult,He’s the best 💚💚,2022-03-14T04:23:54Z,2
@lindadawson5928,Amen to this song...I swear he sings these from the story of my life!,2022-03-09T15:49:02Z,7
@SartorialDragon,2:13 i didn't expect to hear the word “ear infection” in a love song and i regret nothing.,2022-03-08T10:05:26Z,0
@farid_joy,He is my favorite Singer.,2022-03-05T04:14:19Z,1
@xynothsenpai9485,2022,2022-02-27T06:03:53Z,1
@energynyeve3651,my fav,2022-02-24T10:37:33Z,2
@kirrich9441,"I fall asleep listening to Michael on my MP3 player (the Apple iPod of its time) and after stumbling around in the morn listen to him on my Bose. Such great wake up music gets me through the day, all day, every day.",2022-02-22T05:30:38Z,4
@darrenstarr2836,Never,2022-02-21T20:16:20Z,1
@YosettoGaming,Top músicas que deben ser conocidas por los grandes,2022-02-21T01:26:45Z,1
@EmirandAsta,Can we appreciate the solid 4 minutes of eye contact,2022-02-20T00:13:03Z,2
@suitbertmaro5792,Lifetime music,2022-02-06T06:01:23Z,1
@juandanielrojas1722,WHY IS THIS NOT IN SPOTIFY,2022-02-04T11:12:57Z,1
@mariaclarabarbosarocha742,"Amo,amo❤👏👏👏",2022-02-01T21:19:15Z,2
@Trumpetcreeper_s,"Since I listen his song too much, wherever I go I only hear his voice...",2022-01-27T06:38:36Z,1
@soyunton,I very like your song 🎧❤️❤️❤️❤️❤️❤️❤️❤️❤️❤️❤️❤️❤️❤️,2022-01-26T14:02:12Z,1
@marciaana7800,Obrigado  iutub  por estas músicas  lindas  amo  passanger,2022-01-17T19:52:07Z,2
@ea4935,"1 and the other order around 1 way road always left behind 🚗☕🎓 i like the texture ass assembly asses acses abces absent to upsendt.

Its a song that makes me feel happy lined. Clinic clowns.",2022-01-16T16:33:50Z,1
@junvideos4244,"The dude made a masterpiece, this is the only song that really touch my heart and help me to fix myself a lot many times",2022-01-14T05:31:00Z,6
@Dawzyuaintnotin,"Great artist, LEGEND. For those who listen to his music 🎵🎶🎧",2022-01-13T12:14:17Z,1
@wiliancarrillo6479,The best  year 2022,2022-01-06T23:00:03Z,1
@trinitycrecy1663,Woow Big op,2022-01-01T01:11:44Z,1
@g.palompo7830,2022?,2021-12-30T23:59:18Z,4
@gowithlimon8261,Listening this in 2021,2021-12-29T19:51:15Z,3
@onionlayers9457,❤️ anyone watching this in December 2021???,2021-12-24T09:38:27Z,2
@dawgdimmadab5754,"This poetic master piece is almost 10 years old and I'm still wondering if anyone has figured out what the right direction is?? I for one, have not.",2021-12-22T08:07:41Z,2
@chacha6438,So talented,2021-12-21T19:52:03Z,1
@helenbostock2350,Your songs not boring but really all song talk about it and that feels like nothing. People have killed love for me. Well done. It's great living on my own. Master of me.,2021-12-17T10:05:06Z,1
@davidosayande6872,Funny how he's passenger but Drives me crazy,2021-12-11T13:49:37Z,1
@abdulrahmanalaa8742,"GET THIS MAN A GIRLFRIEND… omg his songs are absolute vibes and is amazing for a song that is 10 years old, fucking hidden gem, and a hidden legend.",2021-12-08T17:16:20Z,3
@wallhacker9355,I always in wrong dirrection on my school xdd now too,2021-11-27T13:14:44Z,1
@kingpin3582,This song never gets old.,2021-11-25T23:26:45Z,2
@luckyou1210-jy,If you’re listening to this in 2021 you’re a legend...,2021-11-23T07:54:47Z,1
@collinsongachi5348,Nice Song still listening 🎧,2021-11-22T20:30:39Z,2
@renatodalipaj2850,Respekt 🇦🇱🖐💪,2021-11-17T23:05:31Z,1
@fidelcampos3505,Here listening while dealing with my ear infection ❤️,2021-11-13T13:19:21Z,2
@akashupadhyay4u,"'Art is not dead, only appreciation is dying'",2021-11-10T13:11:08Z,1
@Maruchan-f5i,Like,2021-11-02T18:40:43Z,1
@prav_brav9606,Wow watched this video like 100 times just realized the man playing the piano.,2021-10-26T13:51:37Z,1
@Alahamamra,I hide behind my jokes as a form of protection…,2021-10-26T05:33:57Z,6
@davemathew5635,And he never let it go 😏,2021-10-26T01:58:36Z,1
@davemathew5635,YOUR VOICE SOUNDS EXACTLY LIKE 2012,2021-10-26T01:58:12Z,2
@duroi.holiday8854,I need passenger bus❤️❤️❤️,2021-10-21T19:54:22Z,1
@richmusicgod,dude burnt quite some calories in this video.,2021-10-20T22:24:30Z,1
@y2k.leandroo7,nostalgia,2021-10-19T11:28:41Z,2
@nawaal1986,I keep looking at the bug hanging lamp . I feel heppieness no sadness. Wanna walk the walk of joy. Thats okay,2021-10-07T05:02:26Z,2
@ahmedelkhechini7737,October 2021 ... Who still remember this song 😌,2021-10-04T22:52:46Z,1
@ewelinasz1923,❤,2021-10-01T16:21:41Z,1
@mithrandir7803,🦷🤓,2021-09-22T15:07:46Z,1
@realanime7256,people should explore more videoes of passenger than let her go !😥,2021-09-20T11:32:00Z,1
@realanime7256,passer is the only person who have more than 100rymes in each songs ! and more ryming words than we fould in google!,2021-09-20T11:30:28Z,1
@Gyle.3559,👍,2021-09-16T13:12:34Z,1
@shanhashan2501,Amazing 🔥❤️,2021-09-16T10:12:56Z,1
@Rkchawla2959,Wow superb song🎵 ❤💕,2021-09-13T11:32:35Z,1
@benjiejr6920,2021. Anyone???,2021-09-06T02:40:55Z,1
@tanumukane4672,ok can we just appreciate the VFX fishes are finding a way out of water ..................,2021-09-05T15:43:04Z,1
@helenbostock2350,Nice,2021-09-05T15:25:33Z,1
@richgowen5282,"The wet hippopotamus nutritionally surround because puffin gully guard against a snotty decrease. gaping, fallacious capital",2021-09-05T12:51:05Z,1
@sexilicious419,wow.. this songs speaks volumes.,2021-09-02T02:23:11Z,1
@nkosingiphilethecxlegend3874,IT VERY TOUGH BUT WE GOT TO GO ON AND SO AS TO LIVE!!! BEST MUSIC,2021-08-29T06:54:16Z,1
@changanonyundu8135,Who's here with me 2021?,2021-08-25T07:08:27Z,2
@Nenkaisereti,I really love this sooooong 😩❤️❤️❤️❤️❤️❤️❤️❤️❤️,2021-08-24T13:00:48Z,1
@sonurathore3972,Still in my Playlist ♥️♥️,2021-08-23T15:28:16Z,1
@koumbouras1,"Aρίστης ομορφιάς. . .!!!
(Aristis omorfias.)
""Die Größten Freuden entspringen
aus der Schönheit in Kunstwerken.""
             ( Demokrit 460-370 v.Chr)",2021-08-12T07:20:10Z,1
@rarajean21,💙,2021-08-05T06:05:16Z,2
@paolariano4252,La canción de mi vida :'v,2021-08-03T14:16:51Z,1
@atirathanand5509,The only problem with this song is that it doesn't go beyond 4 minutes,2021-07-31T00:59:09Z,1
@ericknkonya5682,who saw the Tanzanian marathon runner on the background,2021-07-28T09:23:13Z,1
@peteramutungire9576,The poetry in this man's songs is underrated. May he be blessed always,2021-07-24T12:54:04Z,299
@ami_clicks,"Lyrics;

""The Wrong Direction""

When I was a kid the things I did were hidden under the grid
Young and naive I never believed that love could be so well hid
With regret I'm willing to bet and say the older you get
It gets harder to forgive and harder to forget
It gets under your shirt like a dagger at work
The first cut is the deepest but the rest still flipping hurt
You build your heart of plastic
Get cynical and sarcastic
And end up in the corner on your own

'Cause I'd love to feel love but I can't stand the rejection
I hide behind my jokes as a form of protection
I thought I was close but under further inspection
It seems I've been running in the wrong direction oh no

So what's the point in getting your hopes up
When all you're ever getting is choked up
When you're coked up
And can't remember the reason why you broke up
You call her in the morning
When you're coming down and falling like an old man on the side of the road
'Cause when you're apart you don't want to mingle
When you're together you want to be single
Ever the chase to taste the kiss of bliss
That made your heart tingle
How much greener the grass is
With those rose tinted glasses
But the butterflies they flutter by and leave us on our arses

'Cause I'd love to feel love but I can't stand the rejection
I hide behind my jokes as a form of protection
I thought I was close but under further inspection
It seems I've been running in the wrong direction
There's fish in the sea for me to make a selection
I'd jump in if it wasn't for my ear infection
'Cause all I want to do is try to make a connection
It seems I've been running in the wrong direction oh

Oh I'd love to feel love but I can't stand the rejection
I hide behind my jokes as a form of protection
I thought I was close but under further inspection
It seems I've been running in the wrong direction
I'd love to feel love but I can't stand the rejection
I hide behind my jokes as a form of protection
I thought I was close but under further inspection
It seems I've been running in the wrong direction ohh
It seems like I'm running in the wrong direction ohh
Seems like I'm running in the wrong direction ohh
Well it seems I've been running in the wrong direction oh no
Seems I've been running in the wrong direction, no",2021-07-24T03:33:06Z,16
@ianlaye9461,You're a legend if you still listening this master piece ❤️✨,2021-07-21T08:32:08Z,22
@ianlaye9461,You're a legend if you still listening this master piece ❤️✨,2021-07-21T08:31:56Z,1
@md.abidafridi,"Lyrics
When I was a kid, the things I did were hidden under the grid
Young and naive, I never believed that love could be so well hid
With regret I'm willing to bet, and say the older you get

It gets harder to forgive and harder to forget
It gets under your shirt like a dagger at work
The first cut is the deepest but the rest still flipping hurt

You build your heart of plastic
Get cynical and sarcastic
And end up in the corner on your own

'Cause I'd love to feel love but I can't stand the rejection
I hide behind my jokes as a form of protection
I thought I was close but under further inspection
It seems I've been running in the wrong direction

Oh no

So what's the point in getting your hopes up
When all you're ever getting is choked up
When you're coked up
And can't remember the reason why you broke up

You call her in the morning
When you're coming down and falling
Like an old man on the side of the road
'Cause when you're apart you don't want to mingle

When you're together you want to be single
Ever the chase to taste the kiss of bliss
That made your heart tingle

How much greener the grass is
With those rose tinted glasses
But the butterflies they flutter by and leave us on our arses

'Cause I'd love to feel love but I can't stand the rejection
I hide behind my jokes as a form of protection
I thought I was close but under further inspection
It seems I've been running in the wrong direction, there's

Fish in the sea for me to make a selection
I'd jump in if it wasn't for my ear infection
'Cause all I want to do is try to make a connection
It seems I've been running in the wrong direction

Oh

Oh, oh, I'd love to feel love but I can't stand the rejection
I hide behind my jokes as a form of protection
I thought I was close but under further inspection
It seems I've been running in the wrong direction

I'd love to feel love but I can't stand the rejection
I hide behind my jokes as a form of protection
I thought I was close but under further inspection
It seems I've been running in the wrong direction, oh

It seems like I'm running in the wrong direction, ohh
Seems like I'm running in the wrong direction, ohh
Well, it seems I've been running in the wrong direction, oh no
Seems I've been running in the wrong direction, oh",2021-07-17T02:52:55Z,374
@countrymusicchannel8467,Don't worry. You’re not only one listening to this masterpiece in 07/2021?,2021-07-14T15:40:34Z,3
@TahmidAhmed,First scene: two lost soul swimming in a fish bowl?,2021-07-11T11:22:14Z,1
@RiseIn_60,.,2021-07-02T18:49:27Z,0
@okelloamos3961,This SONG is killing me with it sweetness big up passenger,2021-06-30T12:20:14Z,2
@navidkara4793,"Never be old I'm from Asia but still love and hear it❤ 
خیلی زیباس",2021-06-26T22:59:48Z,0
@Morethanwords-o2d,Huge heart but it carries a brat happiness everywhere but no one can catch dont leave your tide waves smashes lots of days without light preserve some matches staying alone is not crime but its became a reason of losing shine start your journey from today dont wait for controversial time.,2021-06-26T16:10:00Z,0
@Ela-eh3hm,He's coming to Boston 10/29! I want to see him live!!! 🙏🙏🙏🙏,2021-06-25T12:48:13Z,0
@rimx4872,I've been hearing this song for more than 6 years and every time i feel goosebumps.,2021-06-21T14:43:02Z,2
@robertjohnson9419,"The curvy semicolon ethically wriggle because battery appropriately print besides a dark direction. voracious, spooky retailer",2021-06-20T17:10:58Z,0
@iccereales,"Sup.

-A guy from 2021",2021-06-18T20:02:25Z,1
@marthamulla4567,❤,2021-06-17T16:57:00Z,0
@tizmkaizo1039,لا اله الا انت سبحانك اني كنت من الظالمين,2021-06-09T17:17:30Z,1
@ajeminaharcourt-whyte3726,I literally stumbled upon this artist. But damn. You got yourself a fan. Beautiful song,2021-05-27T19:08:24Z,0
@robertjohnson9419,"The jaded sale functionally float because lan philosophically save across a ablaze repair. outstanding, decisive suede",2021-05-27T15:16:38Z,0
@andersonglasgow6098,Thank you for this song,2021-05-20T03:54:30Z,0
@sallygrimes9995,So many great tunes perfect  and meaningful lyrics,2021-05-20T00:43:16Z,0
@shadow_Jones1,This a tone Passenger 🎵🎵🎵🎵,2021-05-13T06:02:20Z,0
@venurasilva584,this song literary described my love life,2021-05-12T07:58:16Z,1
@rasmus5341,"Think it's very offensive towards minority groups and thus should be taken down. I am reporting the video for its lyrical and videographic content.
If there are people feeling this way, who are ashamed for it, a typical radio-song like this being played in public may actually cause more harm than good for the individuals unable to express and unite with their insecurities and shortcomings. 

People please follow the gospel instead and stay away from groups like these trying to induce fear & desires into your heart. 

Markus evangelium states; ""Solicit not unto thee who wishes to seek you do evil,
turn instead unto He from who you are and shall one day return, 
For he is good in spirit and in gift""",2021-05-10T22:31:15Z,0
@pranilkhadka7683,2021 anyone??,2021-05-08T15:29:10Z,0
@Ewolet-un6nn,Very perfect song and Fantastik man.. 🤞🎼🎶🎶❤️👍🎸,2021-05-07T16:51:23Z,1
@tunakitis337,Every sentence means something and it's all true.,2021-05-06T11:00:45Z,0
@peterbonney5336,Can you infect ears with emotion..what does it sound like...like we're passengers being trained for affection..😘..ho oo mmee,2021-05-04T22:24:55Z,0
@aasaestetich4192,This song can be THE song,2021-05-03T22:28:37Z,1
@Vin-Aviations,"I'm here again after feeling overwhelmed over everything , thump up if you're reach here too",2021-05-03T16:16:34Z,0
@bongsterz4204,Old school of yano,2021-05-01T21:45:01Z,0
@angolanprince,"10K DISLIKED THIS, MUST BE ALIENS",2021-04-28T01:35:20Z,0
@moisesdeoliveiradonascimen3181,Good,2021-04-26T22:19:33Z,0
@jta9097,Why so many dislikes,2021-04-22T10:01:29Z,0
@melvillebyrne6525,Best song ever one day can you come to Ireland wiklow,2021-04-20T20:02:47Z,0
@somelezemntuwosizi2199,🔥🔥🔥🔥❤❤❤❤👌,2021-04-19T13:10:34Z,0
@Unknown-gf6mk,The only direction I know,2021-04-15T23:37:56Z,0
@georgiaroseeg4478,yes!! keep it up ur doing good work❤️,2021-04-12T23:50:37Z,1
@TheSteamEngine,Wonderful music,2021-04-03T13:04:58Z,0
@PsychologyExplainedDailyST,Beautiful song. Listening after almost 8 years.,2021-04-02T03:01:20Z,0
@fabianlalrinsanga8782,2021 but still....,2021-03-30T15:18:59Z,0
@gerloke914,😭 he is right...I was only looking for a connection in the sea of fish. I cannot find it... 😭,2021-03-28T01:26:54Z,1
@joaovitorschlossmacherfres9110,Que saudade,2021-03-22T04:05:20Z,0
@sudarioes,Amazing!!!!!,2021-03-19T13:26:58Z,0
@santithenomad,i can't find this awesome song on Spotify the same happens to let her go what happened?:(,2021-03-18T20:50:30Z,0
@LifeWithPaw,"People watching this like:
- in bed
- not in a full screen
- reading comments",2021-03-18T09:06:36Z,6
@snowman1597,It's so hard for me to grasp that this song is almost 10 years old.,2021-03-16T20:33:23Z,23
@imiss1D,*OFFICIALLY* most lyrics rich song on YouTube,2021-03-13T09:42:30Z,3
@incrediblenature,I am still listening 🎧 after 9 years!!!!  O ho and please don't talk about who is here in 2021. The thing is I was never gone.,2021-03-13T00:36:05Z,0
@roseanneking4950,Amazing song...sings about life.....👏👏👏,2021-03-09T11:07:45Z,1
@tanmaydave18,"Your all songs are most healing songs
Great salute to passenger team 
From india🇮🇳",2021-03-08T02:42:07Z,1
@tizmkaizo1039,I don't know what is my feeling now,2021-03-04T11:10:19Z,0
@dorcasacquah1656,💫,2021-03-03T16:28:48Z,0
@denver1222,A song with good meaning .thank you,2021-03-03T06:44:47Z,0
@tm502010,Always loved this song. Wise and self reflective...,2021-03-02T06:24:23Z,0
@katiapavlovamarquezjimenez7743,"Oh god i used to love this song so much and coming back after so many years, wow",2021-02-28T06:55:14Z,0
@habeshatiktok2099,2021 😁,2021-02-26T18:43:36Z,1
@__.dia.__,9 years of this amazing song!,2021-02-22T22:35:26Z,0
@katianyandradevendas,your songs are beautiful but you are even more beautiful!😄😍😘,2021-02-22T18:49:05Z,1
@jimmywilliams6190,"how and why do this videos get so many dislikes, like what the hell .___.",2021-02-17T19:20:10Z,0
@joeysduckieseighteen,passenger touches my heart. every single song is so freaking amazing.,2021-02-12T19:40:01Z,1
@vision5361,10k people are still in the wrong direction,2021-02-09T14:36:41Z,0
@adamkovacs7129,Thanks for that song! It shows the things better side for me always!,2021-02-07T20:43:42Z,0
@baris1513,"Loved the music years ago, 5 years later I come back to understand the lyrics and its as if I'm listening to a knew track",2021-02-05T00:09:39Z,11
@barricade1205,in 2021,2021-02-02T02:57:57Z,0
@gokulshaun,"When I was a kid, the things I did were hidden under the grid
Young and naive, I never believed that love could be so well hid
With regret I'm willing to bet, and say the older you get

It gets harder to forgive and harder to forget
It gets under your shirt like a dagger at work
The first cut is the deepest but the rest still flipping hurt

You build your heart of plastic
Get cynical and sarcastic
And end up in the corner on your own

'Cos I'd love to feel love but I can't stand the rejection
I hide behind my jokes as a form of protection
I thought I was close but under further inspection
It seems I've been running in the wrong direction

Oh no

So what's the point in getting your hopes up
When all you're ever getting is choked up
When you're coked up
And can't remember the reason why you broke up

You call her in the morning
When you're coming down and falling
Like an old man on the side of the road
'Cos when you're apart you don't want to mingle

When you're together you want to be single
Ever the chase to taste the kiss of bliss
That made your heart tingle

How much greener the grass is
With those rose tinted glasses
But the butterflies they flutter by and leave us on our arses

'Cos I'd love to feel love but I can't stand the rejection
I hide behind my jokes as a form of protection
I thought I was close but under further inspection
It seems I've been running in the wrong direction, there's

Fish in the sea for me to make a selection
I'd jump in if it wasn't for my ear infection
'Cos all I want to do is try to make a connection
It seems I've been running in the wrong direction

Oh

Oh, oh, I'd love to feel love but I can't stand the rejection
I hide behind my jokes as a form of protection
I thought I was close but under further inspection
It seems I've been running in the wrong direction

I'd love to feel love but I can't stand the rejection
I hide behind my jokes as a form of protection
I thought I was close but under further inspection
It seems I've been running in the wrong direction, ohh

It seems like I'm running in the wrong direction, ohh
Seems like I'm running in the wrong direction, ohh
Well, it seems I've been running in the wrong direction, oh no
Seems I've been running in the wrong direction, oh.

#passengerforever ❤️❤️",2021-01-31T19:55:11Z,0
@mariemrm,I love this!! I am discovering his songs and I can't choose witch one I prefer,2021-01-31T16:36:21Z,3
@enriquevasquez9600,"Lyrics:

When I was a kid the things I did were hidden under the grid
Young and naive I never believed that love could be so well hid
With regret I'm willing to bet and say the older you get
It gets harder to forgive and harder to forget
It gets under your shirt like a dagger at work
The first cut is the deepest but the rest still flipping hurt
You build your heart of plastic
Get cynical and sarcastic
And end up in the corner on your own

'Cause I'd love to feel love but I can't stand the rejection
I hide behind my jokes as a form of protection
I thought I was close but under further inspection
It seems I've been running in the wrong direction oh no

So what's the point in getting your hopes up
When all you're ever getting is choked up
When you're coked up
And can't remember the reason why you broke up
You call her in the morning
When you're coming down and falling like an old man on the side of the road
'Cause when you're apart you don't want to mingle
When you're together you want to be single
Ever the chase to taste the kiss of bliss
That made your heart tingle
How much greener the grass is
With those rose tinted glasses
But the butterflies they flutter by and leave us on our arses

'Cause I'd love to feel love but I can't stand the rejection
I hide behind my jokes as a form of protection
I thought I was close but under further inspection
It seems I've been running in the wrong direction
There's fish in the sea for me to make a selection
I'd jump in if it wasn't for my ear infection
'Cause all I want to do is try to make a connection
It seems I've been running in the wrong direction oh

Oh I'd love to feel love but I can't stand the rejection
I hide behind my jokes as a form of protection
I thought I was close but under further inspection
It seems I've been running in the wrong direction
I'd love to feel love but I can't stand the rejection
I hide behind my jokes as a form of protection
I thought I was close but under further inspection
It seems I've been running in the wrong direction ohh
It seems like I'm running in the wrong direction ohh
Seems like I'm running in the wrong direction ohh
Well it seems I've been running in the wrong direction oh no
Seems I've been running in the wrong direction, no",2021-01-28T14:10:17Z,0
@ftoommohd1392,"YouTube suggestion ? Like 
2021 ? Like",2021-01-26T23:12:19Z,0
@ftoommohd1392,"Is he lose some weight?

Oops I didn’t realize this song is before 8 years 😰",2021-01-26T23:08:56Z,1
@dorcasacquah1656,☺️☺️,2021-01-26T16:13:05Z,0
@asahimac2836,この人の曲をアップしてる人も分からない。let her go をアップしてたから慰めの曲とかアップしてくれる人かな？くらいにしか考えてなかったです。,2021-01-23T22:37:05Z,0
@francespridmore6101,I love Passenger..,2021-01-22T10:07:57Z,0
@freemindstv1533,Why 10k unlike ?,2021-01-20T17:16:51Z,0
@sammyndungu242,2021 and still feels this song was meant for me,2021-01-19T19:54:41Z,12
@gautamswati3385,oh !!voice,2021-01-18T14:47:49Z,0
@weliton7148,👏👏👏,2021-01-18T00:05:39Z,0
@JakePT2k,2021?,2021-01-17T10:56:17Z,2
@manjaplanting3196,Mooi he,2021-01-14T20:50:00Z,0
@LifeWithPaw,If you are reading this whatever it takes stay alive ✋,2021-01-14T19:33:06Z,0
@FelaLushai,"Imagine you drive yourself for a long trip, and this song is on your playlist with a cold beer on your hand....Oooo that's me!",2021-01-14T18:34:33Z,2
@tanwengrace4629,"The singing from the crowd reminds me of when it happened when I went to watch one of his concerts a couple of years ago in Cardiff.
It was incredible I recommend to anyone who is a fan to go see one of his concerts it was absolutely outstanding 👍🎶🎤",2021-01-13T18:54:55Z,1
@jennyeilidhlevack3561,looove this song!!!,2021-01-13T15:15:17Z,1
@MosesTraveller,Who is watching in 2021????,2021-01-12T08:18:34Z,1
@carriehawks9415,the fish in the tank over Mike's right shoulder...,2021-01-11T19:44:17Z,0
@tatendawakatama2086,I can relate to this song 😭😭😭,2021-01-10T18:49:41Z,0
@GilesNgoruh,"10K fools towards the wrong direction..

Why would you even bother if you don't like.pure evils",2021-01-05T15:45:15Z,0
@joochingng1828,"omg hahaha can't believe it's ear infection heard "" ill reflection"" this is such a lovely song thank you Passenger!",2021-01-02T09:27:57Z,0
@loeloe95,A girl sent me this song saying to listen to the lyrics closely. (along with a long list of other romance songs and such) What do you make of that comment section? Is that a good sign?,2021-01-02T07:39:14Z,0
@childericus11,Erm Mike... You didn't ask for my permission to make a song which speaks about me. But I give you that permission cause that's such a beautiful song,2020-12-28T20:32:59Z,1
@robertmosanu3946,beautiful,2020-12-28T05:58:26Z,0
@jojonathanveikune321,The world truly did end in 2012,2020-12-27T01:47:51Z,0
@imiss1D,"when alone you wanna mingle
when you together wanna be single
gets me everytime 😂😂",2020-12-23T17:47:53Z,2
@adarshjoshi1434,Oh you melody ❤,2020-12-23T13:43:57Z,1
@user-kx3xb7dz8z,pessenger saved music,2020-12-19T11:10:47Z,0
@e.p.-brohltal-eifel-rheinl9712,(18.December.2020),2020-12-18T20:54:25Z,0
@dev.osiatech,Good music ❤,2020-12-16T15:55:12Z,1
@abdonashat5318,I can't believe this was 8 years ago 😂,2020-12-15T00:13:07Z,5
@felicialynn8369,So many years later still an absolute favorite that I revisit all the time. ❤,2020-12-12T02:50:41Z,0
@techluvin7691,The pure acoustic version is better.,2020-12-11T04:06:30Z,0
@jimmydirk4653,Shit soo gass 🔥🔥🔥,2020-12-10T04:55:27Z,0
@hayatamal9159,🙃🙃😽😽😽,2020-12-09T17:48:45Z,0
@aa23aaa66,Temazo,2020-11-29T12:17:47Z,2
@leenandume,Here we're in 2020 and still love the hit even when not single🤗,2020-11-23T10:25:33Z,0
@AngelinaSchrijn,"Sings: wrong direction




My mind: One Direction",2020-11-13T11:34:25Z,2
@matsuyagaming132,Pasengger /the wrong direction ☺,2020-10-31T05:58:41Z,0
@xynothsenpai9485,2020 everyone,2020-10-26T02:31:04Z,1
@sagartaj2765,you are a dam good artist love u,2020-10-24T13:22:01Z,0
@davelewthwaite,I can't believe it took me 8 years to notice the picture playing the piano.,2020-10-23T21:47:25Z,1
@littlesims6735,i love this songgg,2020-10-21T18:02:49Z,0
@mihaelatoma590,Cell mai tare filmuleț din lume,2020-10-21T14:37:16Z,0
@emirifranklin2871,Greatest music artist,2020-10-16T12:03:56Z,1
@karunaml3387,coming to this song is always the right direction!!,2020-10-08T12:10:47Z,0
@1998reals,Moment of silence for people who dont know who he is,2020-09-30T14:13:27Z,0
@husan5yearsago262,❤,2020-09-29T08:14:16Z,2
@MorbadMusic,I love this song <3,2020-09-19T21:33:37Z,0
@antarathehobogirl8012,How I repeatedly came here years after years since 2015 .. I love you passenger 🥰 you've been my relief in this chaotic world 😘,2020-09-13T18:35:07Z,0
@yennibarragan6543,I love  😍,2020-09-11T01:41:58Z,0
@AnjaliSharma20760,"Whenever I listen his some songs  I always sayy 
Soo relaxing voice 😢😢",2020-09-02T14:23:19Z,0
@justicemn6965,I farted,2020-09-02T01:36:02Z,0
@sararaquelfdcp,OMG what a beautiful song ❤️,2020-08-28T02:25:18Z,1
@kushagrapachori2175,👌👌👌,2020-08-25T14:07:44Z,0
@cocomeloon6129,Passenger is a legend,2020-08-21T21:32:23Z,1
@scaffidilorenzo10,ti ricordi di me??,2020-08-18T12:40:49Z,0
@BranGaming20,anyone please make the lyric on this video 🙏🏻,2020-08-17T06:58:32Z,0
@stolen9560,Such a wonderful song,2020-08-15T18:50:12Z,0
@Alex-cf8on,"Most nostalgic songs
ho hey- the Lumineers
Olw city- Fireflies 
Avicci- Wake me up
Passenger- Let her go
Gym class heroes- Stereo hearts
American authors- best day of my life
Pibull- Timber
The black eyed peas- I’ve got a feeling
Avicii- Hey brother
Sam smith- Stay with me
Lukas graham- 7 years
Bastille- Pompeii
OneRepublic- Counting Stars
The wanted- Chasing the Sun
Foster the People- Pumped Up Kicks
Phillip Phillips- home
Hall of fame - the script
Radioactive - imagine dragon's 
IZ over the rainbow
hall of fame - the script


Hey soul sister - Train
Fun - we are young
 Safe and Sound and Geronimo
Somewhere only we know - keane
Smash mouth All Star
George Ezra - Budapest
 somebody I used to love
Vance Joy- Riptide
Imagine dragons - It's Time
Kodaline- All I Want
Simple Life by Casey Abrams
Bluebells - young at heart
Stressed out
cheerleader
love me again
GANGNAM STYLE
Repy some nostalgic songs so i can add to the list
Feel Free to cry alittle if you need and or save some to your playlist
Enjoy your nostalgic moments 👍😄",2020-08-15T09:38:44Z,1
@globalmonk5838,"Me súper encanta esta canción!!! .... QUE LINDA COMO TODAS!!...ERES LO MÁXIMO!  ESPECTACULAR TU VOZ. ÚNICA, ALEGRE, BONITA, A LA VEZ, MUY VARONIL. Y ERES SÚPER BELLO.  WOOOOOWWWWW!!  ABRAZO FUERTE DESDE VENEZUELA-LARA.",2020-08-14T13:31:46Z,2
@King1sst,"I listened to this when my Girlfriend broke up with me, I can't explain how I felt, But I know I was drowning",2020-08-09T23:55:08Z,2
@Saba__20.25,"'Cause I love to get loved, but I can't stand the rejection, I hide behind my jokes as a form of protection'
               - C. Bing",2020-08-09T07:45:37Z,0
@addi-paddi-yt8444,If u listen to this in 2020 u are a legend,2020-08-08T20:45:03Z,0
@hifzurrahmanmazumder7194,Hey we are still here r u,2020-08-07T22:39:33Z,0
@berreyilmaz,çok seviyorummm,2020-08-05T19:43:51Z,0
@gavinhowe901,this hits a bit too close to home.,2020-07-29T12:26:47Z,0
@naksh6473,I want this man to achieve blinding Heights,2020-07-26T10:26:58Z,0
@masonlibbey181,I loved his songs since I was 5,2020-07-22T13:05:28Z,0
@thomas-sinkala,10k people thought the dislike button is the download button!,2020-07-16T15:26:04Z,0
@TATZE,i think he will never be old...,2020-07-16T09:01:17Z,437
@antoniamccutcheon4485,I am here because of Dean and Nala. Great song!,2020-07-14T04:17:17Z,0
